<?xml version="1.0" encoding="UTF-8"?>
<project-private xmlns="http://www.netbeans.org/ns/project-private/1">
    <editor-bookmarks xmlns="http://www.netbeans.org/ns/editor-bookmarks/2" lastBookmarkId="0"/>
    <open-files xmlns="http://www.netbeans.org/ns/projectui-open-files/2">
        <group>
            <file>file:/C:/Users/memem/OneDrive%20-%20King%20Suad%20University/Documents/NetBeansProjects/CSC212Project/src/csc212project/Review.java</file>
            <file>file:/C:/Users/memem/OneDrive%20-%20King%20Suad%20University/Documents/NetBeansProjects/CSC212Project/src/csc212project/Product.java</file>
            <file>file:/C:/Users/memem/OneDrive%20-%20King%20Suad%20University/Documents/NetBeansProjects/CSC212Project/src/csc212project/Products.java</file>
            <file>file:/C:/Users/memem/OneDrive%20-%20King%20Suad%20University/Documents/NetBeansProjects/CSC212Project/src/csc212project/LinkedList.java</file>
            <file>file:/C:/Users/memem/OneDrive%20-%20King%20Suad%20University/Documents/NetBeansProjects/CSC212Project/src/csc212project/Main.java</file>
            <file>file:/C:/Users/memem/OneDrive%20-%20King%20Suad%20University/Documents/NetBeansProjects/CSC212Project/src/csc212project/prodcuts.csv</file>
        </group>
    </open-files>
</project-private>
